period,date,category,actual,prediction,ape_percent,pms7,VD,VPM,IE_daily
pre,2026-07-18,ABARROTES,56.0,54.285714285714285,3.06122448979592,54.285714285714285,56.0,49.7,1.1267605633802815
pre,2026-07-19,ABARROTES,66.0,52.755102040816325,20.068027210884356,52.755102040816325,66.0,49.7,1.327967806841046
pre,2026-07-20,ABARROTES,52.0,54.14868804664723,4.1320923973985195,54.14868804664723,52.0,49.7,1.0462776659959758
pre,2026-07-21,ABARROTES,71.0,54.31278633902541,23.50311783235858,54.31278633902541,71.0,49.7,1.4285714285714284
pre,2026-07-22,ABARROTES,39.0,55.928898673171894,43.40743249531255,55.928898673171894,39.0,49.7,0.7847082494969818
pre,2026-07-23,ABARROTES,26.0,54.06159848362502,107.92922493701931,54.06159848362502,26.0,49.7,0.5231388329979879
pre,2026-07-24,ABARROTES,58.0,55.07039826700002,5.051037470689615,55.07039826700002,58.0,49.7,1.1670020120724345
pre,2026-07-25,ABARROTES,43.0,54.36616944800003,26.432952204651233,54.36616944800003,43.0,49.7,0.8651911468812877
pre,2026-07-26,ABARROTES,68.0,54.37766304261228,20.032848466746653,54.37766304261228,68.0,49.7,1.368209255533199
pre,2026-07-27,ABARROTES,41.0,54.609457471440265,33.19379871082992,54.609457471440265,41.0,49.7,0.8249496981891348
pre,2026-07-28,ABARROTES,48.0,54.67528167498213,13.90683682287944,54.67528167498213,48.0,49.7,0.96579476861167
pre,2026-07-29,ABARROTES,44.0,54.72706672297595,24.379697097672608,54.72706672297595,44.0,49.7,0.8853118712273641
pre,2026-07-30,ABARROTES,60.0,54.55537644437653,9.074372592705787,54.55537644437653,60.0,49.7,1.2072434607645874
pre,2026-07-31,ABARROTES,72.0,54.625916153055314,24.130672009645394,54.625916153055314,72.0,49.7,1.448692152917505
pre,2026-08-01,ABARROTES,51.0,54.56241870820607,6.985134721972681,54.56241870820607,51.0,49.7,1.0261569416498992
pre,2026-08-02,ABARROTES,65.0,54.590454316806934,16.01468566645087,54.590454316806934,65.0,49.7,1.3078470824949697
pre,2026-08-03,ABARROTES,55.0,54.620853070263315,0.6893580540666991,54.620853070263315,55.0,49.7,1.1066398390342052
pre,2026-08-04,ABARROTES,47.0,54.62248101295232,16.21804470840919,54.62248101295232,47.0,49.7,0.9456740442655935
pre,2026-08-05,ABARROTES,32.0,54.61493806123377,70.67168144135553,54.61493806123377,32.0,49.7,0.6438631790744467
pre,2026-08-06,ABARROTES,66.0,54.59891968098489,17.27436411971986,54.59891968098489,66.0,49.7,1.327967806841046
pre,2026-08-07,ABARROTES,58.0,54.60514014335752,5.853206649383592,54.60514014335752,58.0,49.7,1.1670020120724345
pre,2026-08-08,ABARROTES,68.0,54.60217214197212,19.702688026511588,54.60217214197212,68.0,49.7,1.368209255533199
pre,2026-08-09,ABARROTES,52.0,54.607851203938694,5.015098469112873,54.607851203938694,52.0,49.7,1.0462776659959758
pre,2026-08-10,ABARROTES,51.0,54.610336473528946,7.0790911245665615,54.610336473528946,51.0,49.7,1.0261569416498992
pre,2026-08-11,ABARROTES,39.0,54.608834102566895,40.02265154504332,54.608834102566895,39.0,49.7,0.7847082494969818
pre,2026-08-12,ABARROTES,52.0,54.6068845439404,5.013239507577698,54.6068845439404,52.0,49.7,1.0462776659959758
pre,2026-08-13,ABARROTES,40.0,54.60573404146992,36.5143351036748,54.60573404146992,40.0,49.7,0.8048289738430583
pre,2026-08-14,ABARROTES,56.0,54.606707521539214,2.48802228296569,54.606707521539214,56.0,49.7,1.1267605633802815
pre,2026-08-15,ABARROTES,69.0,54.60693143270803,20.859519662741985,54.60693143270803,69.0,49.7,1.3883299798792756
pre,2026-08-16,ABARROTES,59.0,54.60761133138459,7.444726556975271,54.60761133138459,59.0,49.7,1.187122736418511
pre,2026-07-18,BEBIDAS,93.0,86.71428571428571,6.758832565284184,86.71428571428571,93.0,91.5,1.0163934426229508
pre,2026-07-19,BEBIDAS,77.0,84.6734693877551,9.965544659422216,84.6734693877551,77.0,91.5,0.8415300546448088
pre,2026-07-20,BEBIDAS,90.0,85.91253644314868,4.5416261742792425,85.91253644314868,90.0,91.5,0.9836065573770492
pre,2026-07-21,BEBIDAS,81.0,87.47147022074135,7.989469408322656,87.47147022074135,81.0,91.5,0.8852459016393442
pre,2026-07-22,BEBIDAS,73.0,89.39596596656155,22.460227351454176,89.39596596656155,73.0,91.5,0.7978142076502732
pre,2026-07-23,BEBIDAS,82.0,86.30967539035606,5.255701695556174,86.30967539035606,82.0,91.5,0.8961748633879781
pre,2026-07-24,BEBIDAS,98.0,85.35391473183549,12.904168640984196,85.35391473183549,98.0,91.5,1.0710382513661203
pre,2026-07-25,BEBIDAS,115.0,86.5473311220977,24.741451198175913,86.5473311220977,115.0,91.5,1.2568306010928962
pre,2026-07-26,BEBIDAS,88.0,86.52348046607085,1.67786310673767,86.52348046607085,88.0,91.5,0.9617486338797814
pre,2026-07-27,BEBIDAS,72.0,86.7877677629731,20.538566337462644,86.7877677629731,72.0,91.5,0.7868852459016393
pre,2026-07-28,BEBIDAS,104.0,86.9128008086623,16.4299992224401,86.9128008086623,104.0,91.5,1.1366120218579234
pre,2026-07-29,BEBIDAS,79.0,86.83299089265101,9.915178345127863,86.83299089265101,79.0,91.5,0.8633879781420765
pre,2026-07-30,BEBIDAS,88.0,86.46685159637808,1.7422140950249119,86.46685159637808,88.0,91.5,0.9617486338797814
pre,2026-07-31,BEBIDAS,100.0,86.4893053400955,13.510694659904502,86.4893053400955,100.0,91.5,1.092896174863388
pre,2026-08-01,BEBIDAS,125.0,86.65150399841836,30.678796801265314,86.65150399841836,125.0,91.5,1.366120218579235
pre,2026-08-02,BEBIDAS,100.0,86.66638583789275,13.333614162107251,86.66638583789275,100.0,91.5,1.092896174863388
pre,2026-08-03,BEBIDAS,84.0,86.68680089101015,3.1985724892977982,86.68680089101015,84.0,91.5,0.9180327868852459
pre,2026-08-04,BEBIDAS,75.0,86.67237705215831,15.563169402877747,86.67237705215831,75.0,91.5,0.819672131147541
pre,2026-08-05,BEBIDAS,96.0,86.63803080122916,9.752051248719622,86.63803080122916,96.0,91.5,1.0491803278688525
pre,2026-08-06,BEBIDAS,125.0,86.61017935959747,30.71185651232203,86.61017935959747,125.0,91.5,1.366120218579235
pre,2026-08-07,BEBIDAS,88.0,86.6306547543431,1.556074142791934,86.6306547543431,88.0,91.5,0.9617486338797814
pre,2026-08-08,BEBIDAS,87.0,86.65084752780704,0.4013246806815576,86.65084752780704,87.0,91.5,0.9508196721311475
pre,2026-08-09,BEBIDAS,128.0,86.65075374629114,32.30409863571004,86.65075374629114,128.0,91.5,1.3989071038251366
pre,2026-08-10,BEBIDAS,90.0,86.64852059034806,3.723866010724382,86.64852059034806,90.0,91.5,0.9836065573770492
pre,2026-08-11,BEBIDAS,70.0,86.64305197596775,23.775788537096787,86.64305197596775,70.0,91.5,0.7650273224043715
pre,2026-08-12,BEBIDAS,87.0,86.6388626793691,0.4151003685412673,86.6388626793691,87.0,91.5,0.9508196721311475
pre,2026-08-13,BEBIDAS,112.0,86.63898151910338,22.643766500800552,86.63898151910338,112.0,91.5,1.2240437158469946
pre,2026-08-14,BEBIDAS,95.0,86.6430961133185,8.79674093334894,86.6430961133185,95.0,91.5,1.0382513661202186
pre,2026-08-15,BEBIDAS,92.0,86.644873450315,5.820789727918474,86.644873450315,92.0,91.5,1.005464480874317
pre,2026-08-16,BEBIDAS,105.0,86.64402001067327,17.481885704120693,86.64402001067327,105.0,91.5,1.1475409836065573
pre,2026-07-18,GOLOSINAS,98.0,73.42857142857143,25.07288629737609,73.42857142857143,98.0,79.36666666666666,1.2347753044939103
pre,2026-07-19,GOLOSINAS,63.0,70.63265306122449,12.11532231940395,70.63265306122449,63.0,79.36666666666666,0.7937841243175137
pre,2026-07-20,GOLOSINAS,49.0,71.00874635568513,44.91580888915333,71.00874635568513,49.0,79.36666666666666,0.6173876522469551
pre,2026-07-21,GOLOSINAS,75.0,73.15285297792586,2.4628626960988527,73.15285297792586,75.0,79.36666666666666,0.9449811003779925
pre,2026-07-22,GOLOSINAS,73.0,74.60326054620099,2.196247323562994,74.60326054620099,73.0,79.36666666666666,0.9197816043679127
pre,2026-07-23,GOLOSINAS,61.0,74.54658348137255,22.207513903889428,74.54658348137255,61.0,79.36666666666666,0.7685846283074339
pre,2026-07-24,GOLOSINAS,38.0,74.4818096929972,96.00476234999263,74.4818096929972,38.0,79.36666666666666,0.4787904241915162
pre,2026-07-25,GOLOSINAS,72.0,73.12206822056824,1.5584280841225528,73.12206822056824,72.0,79.36666666666666,0.9071818563628729
pre,2026-07-26,GOLOSINAS,94.0,73.07828204799635,22.257146757450688,73.07828204799635,94.0,79.36666666666666,1.1843763124737505
pre,2026-07-27,GOLOSINAS,79.0,73.42765761753519,7.053597952487102,73.42765761753519,79.0,79.36666666666666,0.9953800923981522
pre,2026-07-28,GOLOSINAS,71.0,73.77321636922805,3.9059385482085243,73.77321636922805,71.0,79.36666666666666,0.8945821083578329
pre,2026-07-29,GOLOSINAS,60.0,73.86183971084266,23.103066184737767,73.86183971084266,60.0,79.36666666666666,0.755984880302394
pre,2026-07-30,GOLOSINAS,78.0,73.7559224486486,5.441125065835122,73.7559224486486,78.0,79.36666666666666,0.9827803443931122
pre,2026-07-31,GOLOSINAS,81.0,73.64297087254519,9.082752009203467,73.64297087254519,81.0,79.36666666666666,1.0205795884082318
pre,2026-08-01,GOLOSINAS,84.0,73.52313675533776,12.472456243645524,73.52313675533776,84.0,79.36666666666666,1.0583788324233516
pre,2026-08-02,GOLOSINAS,95.0,73.58043226030483,22.54691341020544,73.58043226030483,95.0,79.36666666666666,1.1969760604787905
pre,2026-08-03,GOLOSINAS,88.0,73.65216800492033,16.304354539863265,73.65216800492033,88.0,79.36666666666666,1.1087778244435111
pre,2026-08-04,GOLOSINAS,53.0,73.68424091740391,39.02686965547908,73.68424091740391,53.0,79.36666666666666,0.6677866442671148
pre,2026-08-05,GOLOSINAS,49.0,73.6715301385719,50.35006150728958,73.6715301385719,49.0,79.36666666666666,0.6173876522469551
pre,2026-08-06,GOLOSINAS,79.0,73.64434305681893,6.779312586305157,73.64434305681893,79.0,79.36666666666666,0.9953800923981522
pre,2026-08-07,GOLOSINAS,73.0,73.62840314370041,0.8608262242471373,73.62840314370041,73.0,79.36666666666666,0.9197816043679127
pre,2026-08-08,GOLOSINAS,95.0,73.62632203957972,22.49860837938977,73.62632203957972,95.0,79.36666666666666,1.1969760604787905
pre,2026-08-09,GOLOSINAS,89.0,73.64106279447144,17.25723281520063,73.64106279447144,89.0,79.36666666666666,1.121377572448551
pre,2026-08-10,GOLOSINAS,67.0,73.64972429935237,9.924961640824435,73.64972429935237,67.0,79.36666666666666,0.8441831163376733
pre,2026-08-11,GOLOSINAS,77.0,73.64937519855695,4.351460781094866,73.64937519855695,77.0,79.36666666666666,0.9701805963880723
pre,2026-08-12,GOLOSINAS,80.0,73.64439438157882,7.944507023026475,73.64439438157882,80.0,79.36666666666666,1.007979840403192
pre,2026-08-13,GOLOSINAS,62.0,73.64051784486551,18.77502878204115,73.64051784486551,62.0,79.36666666666666,0.7811843763124738
pre,2026-08-14,GOLOSINAS,98.0,73.63997138601503,24.8571720550867,73.63997138601503,98.0,79.36666666666666,1.2347753044939103
pre,2026-08-15,GOLOSINAS,92.0,73.64162399205998,19.95475653036959,73.64162399205998,92.0,79.36666666666666,1.1591768164636709
pre,2026-08-16,GOLOSINAS,45.0,73.64380998527145,63.65291107838099,73.64380998527145,45.0,79.36666666666666,0.5669886602267955
pre,2026-07-18,HELADOS,30.0,24.857142857142858,17.14285714285714,24.857142857142858,30.0,24.466666666666665,1.226158038147139
pre,2026-07-19,HELADOS,19.0,25.26530612244898,32.975295381310424,25.26530612244898,19.0,24.466666666666665,0.776566757493188
pre,2026-07-20,HELADOS,12.0,25.303206997084548,110.8600583090379,25.303206997084548,12.0,24.466666666666665,0.4904632152588556
pre,2026-07-21,HELADOS,29.0,26.2036651395252,9.642534001637243,26.2036651395252,29.0,24.466666666666665,1.1852861035422344
pre,2026-07-22,HELADOS,14.0,26.661331588028798,90.43808277163427,26.661331588028798,14.0,24.466666666666665,0.5722070844686649
pre,2026-07-23,HELADOS,17.0,27.612950386318627,62.429119919521334,27.612950386318627,17.0,24.466666666666665,0.6948228882833788
pre,2026-07-24,HELADOS,24.0,27.27194329864986,13.633097077707745,27.27194329864986,24.0,24.466666666666665,0.9809264305177112
pre,2026-07-25,HELADOS,26.0,26.16793519845698,0.6459046094499252,26.16793519845698,26.0,24.466666666666665,1.0626702997275206
pre,2026-07-26,HELADOS,32.0,26.35519124721614,17.64002735244956,26.35519124721614,32.0,24.466666666666665,1.3079019073569482
pre,2026-07-27,HELADOS,36.0,26.510889122182878,26.358641327269783,26.510889122182878,36.0,24.466666666666665,1.471389645776567
pre,2026-07-28,HELADOS,12.0,26.68341514005407,122.36179283378392,26.68341514005407,12.0,24.466666666666665,0.4904632152588556
pre,2026-07-29,HELADOS,20.0,26.751950854415337,33.759754272076684,26.751950854415337,20.0,24.466666666666665,0.8174386920980927
pre,2026-07-30,HELADOS,21.0,26.764896463899127,27.451887923329178,26.764896463899127,21.0,24.466666666666665,0.8583106267029973
pre,2026-07-31,HELADOS,15.0,26.643745903553484,77.62497269035656,26.643745903553484,15.0,24.466666666666665,0.6130790190735695
pre,2026-08-01,HELADOS,29.0,26.55400341853972,8.434470970552695,26.55400341853972,29.0,24.466666666666665,1.1852861035422344
pre,2026-08-02,HELADOS,31.0,26.60915602140868,14.164012834165549,26.60915602140868,31.0,24.466666666666665,1.2670299727520438
pre,2026-08-03,HELADOS,25.0,26.645436703436186,6.5817468137447435,26.645436703436186,25.0,24.466666666666665,1.021798365122616
pre,2026-08-04,HELADOS,28.0,26.66465778647237,4.769079334027244,26.66465778647237,28.0,24.466666666666665,1.1444141689373297
pre,2026-08-05,HELADOS,15.0,26.66197816453213,77.74652109688085,26.66197816453213,15.0,24.466666666666665,0.6130790190735695
pre,2026-08-06,HELADOS,34.0,26.649124923120244,21.620220814352223,26.649124923120244,34.0,24.466666666666665,1.3896457765667576
pre,2026-08-07,HELADOS,31.0,26.632586131580403,14.088431833611603,26.632586131580403,31.0,24.466666666666665,1.2670299727520438
pre,2026-08-08,HELADOS,49.0,26.63099187844139,45.65103698277267,26.63099187844139,49.0,24.466666666666665,2.002724795640327
pre,2026-08-09,HELADOS,21.0,26.641990229855914,26.866620142171016,26.641990229855914,21.0,24.466666666666665,0.8583106267029973
pre,2026-08-10,HELADOS,23.0,26.646680831062664,15.855134048098538,26.646680831062664,23.0,24.466666666666665,0.9400544959128067
pre,2026-08-11,HELADOS,16.0,26.646858563580732,66.54286602237957,26.646858563580732,16.0,24.466666666666665,0.6539509536784741
pre,2026-08-12,HELADOS,18.0,26.644315817453354,48.02397676362975,26.644315817453354,18.0,24.466666666666665,0.7356948228882835
pre,2026-08-13,HELADOS,15.0,26.64179262501353,77.61195083342352,26.64179262501353,15.0,24.466666666666665,0.6130790190735695
pre,2026-08-14,HELADOS,15.0,26.640745153855427,77.60496769236951,26.640745153855427,15.0,24.466666666666665,0.6130790190735695
pre,2026-08-15,HELADOS,22.0,26.641910728466144,21.099594220300652,26.641910728466144,22.0,24.466666666666665,0.899182561307902
pre,2026-08-16,HELADOS,36.0,26.643470564183968,25.990359543933423,26.643470564183968,36.0,24.466666666666665,1.471389645776567
pre,2026-07-18,LIMPIEZA,10.0,18.285714285714285,82.85714285714285,18.285714285714285,10.0,16.366666666666667,0.6109979633401221
pre,2026-07-19,LIMPIEZA,18.0,18.040816326530614,0.22675736961452012,18.040816326530614,18.0,16.366666666666667,1.0997963340122199
pre,2026-07-20,LIMPIEZA,17.0,18.0466472303207,6.156748413651184,18.0466472303207,17.0,16.366666666666667,1.0386965376782078
pre,2026-07-21,LIMPIEZA,25.0,17.196168263223658,31.215326947105364,17.196168263223658,25.0,16.366666666666667,1.5274949083503055
pre,2026-07-22,LIMPIEZA,27.0,18.081335157969892,33.03209200751891,18.081335157969892,27.0,16.366666666666667,1.64969450101833
pre,2026-07-23,LIMPIEZA,16.0,17.37866875196559,8.616679699784946,17.37866875196559,16.0,16.366666666666667,0.9775967413441955
pre,2026-07-24,LIMPIEZA,23.0,17.718478573674965,22.963136636195806,17.718478573674965,23.0,16.366666666666667,1.405295315682281
pre,2026-07-25,LIMPIEZA,22.0,17.821118369914245,18.994916500389795,17.821118369914245,22.0,16.366666666666667,1.3441955193482689
pre,2026-07-26,LIMPIEZA,19.0,17.754747524799953,6.553960395789722,17.754747524799953,19.0,16.366666666666667,1.1608961303462322
pre,2026-07-27,LIMPIEZA,12.0,17.713880553124145,47.61567127603455,17.713880553124145,12.0,16.366666666666667,0.7331975560081466
pre,2026-07-28,LIMPIEZA,7.0,17.666342456381777,152.37632080545396,17.666342456381777,7.0,16.366666666666667,0.4276985743380855
pre,2026-07-29,LIMPIEZA,18.0,17.73351019826151,1.4804988985471703,17.73351019826151,18.0,16.366666666666667,1.0997963340122199
pre,2026-07-30,LIMPIEZA,23.0,17.68382091830317,23.113822094334047,17.68382091830317,23.0,16.366666666666667,1.405295315682281
pre,2026-07-31,LIMPIEZA,25.0,17.727414084922824,29.090343660308704,17.727414084922824,25.0,16.366666666666667,1.5274949083503055
pre,2026-08-01,LIMPIEZA,29.0,17.72869058652966,38.866584184380486,17.72869058652966,29.0,16.366666666666667,1.7718940936863543
pre,2026-08-02,LIMPIEZA,18.0,17.71548661747472,1.5806299029182194,17.71548661747472,18.0,16.366666666666667,1.0997963340122199
pre,2026-08-03,LIMPIEZA,17.0,17.70987791642826,4.17575244957799,17.70987791642826,17.0,16.366666666666667,1.0386965376782078
pre,2026-08-04,LIMPIEZA,18.0,17.709306111185988,1.6149660489667323,17.709306111185988,18.0,16.366666666666667,1.0997963340122199
pre,2026-08-05,LIMPIEZA,24.0,17.71544377615802,26.185650932674925,17.71544377615802,24.0,16.366666666666667,1.4663951120162932
pre,2026-08-06,LIMPIEZA,14.0,17.71286285871466,26.520448990819013,17.71286285871466,14.0,16.366666666666667,0.855397148676171
pre,2026-08-07,LIMPIEZA,19.0,17.717011707344877,6.7525699613427514,17.717011707344877,19.0,16.366666666666667,1.1608961303462322
pre,2026-08-08,LIMPIEZA,19.0,17.71552565340517,6.76039129786753,17.71552565340517,19.0,16.366666666666667,1.1608961303462322
pre,2026-08-09,LIMPIEZA,18.0,17.7136449486731,1.590861396260558,17.7136449486731,18.0,16.366666666666667,1.0997963340122199
pre,2026-08-10,LIMPIEZA,16.0,17.71338185313001,10.708636582062558,17.71338185313001,16.0,16.366666666666667,0.9775967413441955
pre,2026-08-11,LIMPIEZA,18.0,17.713882415515975,1.5895421360223594,17.713882415515975,18.0,16.366666666666667,1.0997963340122199
pre,2026-08-12,LIMPIEZA,30.0,17.714536173277402,40.95154608907532,17.714536173277402,30.0,16.366666666666667,1.8329938900203666
pre,2026-08-13,LIMPIEZA,12.0,17.714406515723027,47.620054297691894,17.714406515723027,12.0,16.366666666666667,0.7331975560081466
pre,2026-08-14,LIMPIEZA,17.0,17.714627038152795,4.203688459722323,17.714627038152795,17.0,16.366666666666667,1.0386965376782078
pre,2026-08-15,LIMPIEZA,26.0,17.714286371125354,31.86812934182556,17.714286371125354,26.0,16.366666666666667,1.5885947046843176
pre,2026-08-16,LIMPIEZA,23.0,17.714109330799666,22.982133344349283,17.714109330799666,23.0,16.366666666666667,1.405295315682281
post,2026-08-17,ABARROTES,48.0,45.79,4.604166666666668,52.285714285714285,48.0,49.7,0.96579476861167
post,2026-08-18,ABARROTES,47.0,49.29,4.872340425531913,52.46938775510204,47.0,49.7,0.9456740442655935
post,2026-08-19,ABARROTES,50.0,52.12,4.239999999999995,54.393586005830905,50.0,49.7,1.0060362173038229
post,2026-08-20,ABARROTES,73.0,54.16,25.808219178082197,54.73552686380675,73.0,49.7,1.4688128772635813
post,2026-08-21,ABARROTES,78.0,50.37,35.42307692307693,56.84060213006485,78.0,49.7,1.5694164989939636
post,2026-08-22,ABARROTES,57.0,58.28,2.2456140350877214,56.960688148645545,57.0,49.7,1.1468812877263581
post,2026-08-23,ABARROTES,49.0,51.22,4.530612244897957,55.24078645559491,49.0,49.7,0.9859154929577464
post,2026-08-24,ABARROTES,37.0,48.4,30.810810810810807,54.703755949251324,37.0,49.7,0.744466800804829
post,2026-08-25,ABARROTES,62.0,55.37,10.693548387096778,55.04919047261376,62.0,49.7,1.2474849094567404
post,2026-08-26,ABARROTES,51.0,55.42,8.66666666666667,55.417733717972574,51.0,49.7,1.0261569416498992
post,2026-08-27,ABARROTES,56.0,45.37,18.98214285714286,55.56404053399282,56.0,49.7,1.1267605633802815
post,2026-08-28,ABARROTES,71.0,50.49,28.88732394366197,55.68239962973368,71.0,49.7,1.4285714285714284
post,2026-08-29,ABARROTES,71.0,52.77,25.676056338028165,55.51694212968637,71.0,49.7,1.4285714285714284
post,2026-08-30,ABARROTES,76.0,50.29,33.828947368421055,55.31069269840649,76.0,49.7,1.5291750503018107
post,2026-08-31,ABARROTES,62.0,46.32,25.290322580645157,55.32067930452243,62.0,49.7,1.2474849094567404
post,2026-09-01,ABARROTES,56.0,51.48,8.071428571428577,55.4088112124183,56.0,49.7,1.1267605633802815
post,2026-09-02,ABARROTES,38.0,49.73,30.86842105263157,55.46018560381895,38.0,49.7,0.7645875251509053
post,2026-09-03,ABARROTES,73.0,47.48,34.95890410958904,55.466250158939864,73.0,49.7,1.4688128772635813
post,2026-09-04,ABARROTES,62.0,48.29,22.112903225806452,55.45228010536087,62.0,49.7,1.2474849094567404
post,2026-09-05,ABARROTES,62.0,51.48,16.967741935483875,55.41940588759333,62.0,49.7,1.2474849094567404
post,2026-09-06,ABARROTES,53.0,48.03,9.377358490566037,55.40547213872289,53.0,49.7,1.0663983903420522
post,2026-09-07,ABARROTES,34.0,51.67,51.97058823529412,55.41901205876809,34.0,49.7,0.6841046277665995
post,2026-09-08,ABARROTES,57.0,46.23,18.89473684210527,55.4330595950889,57.0,49.7,1.1468812877263581
post,2026-09-09,ABARROTES,31.0,46.26,49.2258064516129,55.436523649756126,31.0,49.7,0.6237424547283702
post,2026-09-10,ABARROTES,61.0,56.44,7.475409836065578,55.4331433706043,61.0,49.7,1.2273641851106638
post,2026-09-11,ABARROTES,43.0,47.67,10.860465116279073,55.4284138294135,43.0,49.7,0.8651911468812877
post,2026-09-12,ABARROTES,55.0,51.6,6.181818181818179,55.42500436142102,55.0,49.7,1.1066398390342052
post,2026-09-13,ABARROTES,27.0,47.58,76.22222222222221,55.425804143396405,27.0,49.7,0.5432595573440644
post,2026-09-14,ABARROTES,60.0,51.25,14.583333333333334,55.42870871549262,60.0,49.7,1.2072434607645874
post,2026-09-15,ABARROTES,53.0,45.85,13.490566037735846,55.43009395216755,53.0,49.7,1.0663983903420522
post,2026-08-17,BEBIDAS,79.0,81.5,3.1645569620253164,93.0,79.0,91.5,0.8633879781420765
post,2026-08-18,BEBIDAS,93.0,83.36,10.365591397849464,93.42857142857143,93.0,91.5,1.0163934426229508
post,2026-08-19,BEBIDAS,49.0,81.74,66.81632653061223,96.77551020408163,49.0,91.5,0.5355191256830601
post,2026-08-20,BEBIDAS,92.0,85.29,7.293478260869558,98.17201166180757,92.0,91.5,1.005464480874317
post,2026-08-21,BEBIDAS,122.0,91.74,24.803278688524593,96.19658475635151,122.0,91.5,1.3333333333333333
post,2026-08-22,BEBIDAS,91.0,108.56,19.2967032967033,96.3675254358303,91.0,91.5,0.994535519125683
post,2026-08-23,BEBIDAS,112.0,101.41,9.455357142857146,96.99145764094892,112.0,91.5,1.2240437158469946
post,2026-08-24,BEBIDAS,93.0,81.71,12.139784946236567,95.84738016108449,93.0,91.5,1.0163934426229508
post,2026-08-25,BEBIDAS,93.0,81.72,12.129032258064518,96.25414875552512,93.0,91.5,1.0163934426229508
post,2026-08-26,BEBIDAS,123.0,82.69,32.77235772357724,96.65780265937565,123.0,91.5,1.3442622950819672
post,2026-08-27,BEBIDAS,112.0,91.14,18.625,96.64098729584623,112.0,91.5,1.2240437158469946
post,2026-08-28,BEBIDAS,105.0,89.56,14.704761904761904,96.42226952928031,105.0,91.5,1.1475409836065573
post,2026-08-29,BEBIDAS,106.0,104.58,1.3396226415094354,96.45451021112729,106.0,91.5,1.1584699453551912
post,2026-08-30,BEBIDAS,112.0,100.03,10.687499999999998,96.46693660759829,112.0,91.5,1.2240437158469946
post,2026-08-31,BEBIDAS,95.0,81.81,13.884210526315787,96.39200503140533,95.0,91.5,1.0382513661202186
post,2026-09-01,BEBIDAS,81.0,83.07,2.555555555555547,96.46980858430831,81.0,91.5,0.8852459016393442
post,2026-09-02,BEBIDAS,80.0,83.61,4.512499999999999,96.50061713127734,80.0,91.5,0.8743169398907104
post,2026-09-03,BEBIDAS,83.0,91.72,10.506024096385541,96.47816205583473,83.0,91.5,0.907103825136612
post,2026-09-04,BEBIDAS,117.0,89.14,23.811965811965813,96.45490130726165,117.0,91.5,1.278688524590164
post,2026-09-05,BEBIDAS,97.0,96.96,0.0412371134020683,96.45956298983042,97.0,91.5,1.0601092896174864
post,2026-09-06,BEBIDAS,89.0,101.31,13.831460674157306,96.46028481535944,89.0,91.5,0.9726775956284153
post,2026-09-07,BEBIDAS,72.0,81.12,12.666666666666673,96.45933455932531,72.0,91.5,0.7868852459016393
post,2026-09-08,BEBIDAS,103.0,80.51,21.834951456310677,96.46895306331389,103.0,91.5,1.1256830601092895
post,2026-09-09,BEBIDAS,75.0,80.38,7.173333333333328,96.46883084602896,75.0,91.5,0.819672131147541
post,2026-09-10,BEBIDAS,64.0,86.15,34.60937500000001,96.46428994813634,64.0,91.5,0.6994535519125683
post,2026-09-11,BEBIDAS,108.0,91.58,15.203703703703706,96.46230821846514,108.0,91.5,1.180327868852459
post,2026-09-12,BEBIDAS,103.0,97.96,4.8932038834951515,96.46336634863707,103.0,91.5,1.1256830601092895
post,2026-09-13,BEBIDAS,100.0,91.78,8.219999999999999,96.46390968560945,100.0,91.5,1.092896174863388
post,2026-09-14,BEBIDAS,67.0,82.05,22.462686567164177,96.46442752421659,67.0,91.5,0.73224043715847
post,2026-09-15,BEBIDAS,94.0,82.21,12.54255319148937,96.46515509062964,94.0,91.5,1.0273224043715847
post,2026-08-17,GOLOSINAS,72.0,70.75,1.7361111111111112,74.42857142857143,72.0,79.36666666666666,0.9071818563628729
post,2026-08-18,GOLOSINAS,72.0,69.0,4.166666666666666,75.48979591836735,72.0,79.36666666666666,0.9071818563628729
post,2026-08-19,GOLOSINAS,63.0,65.5,3.968253968253968,75.27405247813411,63.0,79.36666666666666,0.7937841243175137
post,2026-08-20,GOLOSINAS,50.0,70.0,40.0,74.59891711786756,50.0,79.36666666666666,0.6299874002519951
post,2026-08-21,GOLOSINAS,71.0,72.5,2.112676056338028,76.39876242042007,71.0,79.36666666666666,0.8945821083578329
post,2026-08-22,GOLOSINAS,114.0,85.75,24.780701754385966,73.31287133762294,114.0,79.36666666666666,1.4363712725745486
post,2026-08-23,GOLOSINAS,76.0,80.75,6.25,70.64328152871192,76.0,79.36666666666666,0.9575808483830324
post,2026-08-24,GOLOSINAS,39.0,76.19,95.35897435897436,74.30660746138506,39.0,79.36666666666666,0.4913901721965561
post,2026-08-25,GOLOSINAS,87.0,67.5,22.413793103448278,74.28918403750129,87.0,79.36666666666666,1.0961780764384714
post,2026-08-26,GOLOSINAS,61.0,63.62,4.295081967213111,74.11766805452042,61.0,79.36666666666666,0.7685846283074339
post,2026-08-27,GOLOSINAS,71.0,72.25,1.7605633802816902,73.95247027971847,71.0,79.36666666666666,0.8945821083578329
post,2026-08-28,GOLOSINAS,91.0,81.12,10.857142857142852,73.86012073141146,91.0,79.36666666666666,1.146577068458631
post,2026-08-29,GOLOSINAS,88.0,89.19,1.3522727272727246,73.49745763298165,88.0,79.36666666666666,1.1087778244435111
post,2026-08-30,GOLOSINAS,76.0,77.44,1.8947368421052602,73.52382710374718,76.0,79.36666666666666,0.9575808483830324
post,2026-08-31,GOLOSINAS,59.0,75.48,27.93220338983052,73.9353336144665,59.0,79.36666666666666,0.7433851322973541
post,2026-09-01,GOLOSINAS,78.0,66.62,14.589743589743584,73.88229449347814,78.0,79.36666666666666,0.9827803443931122
post,2026-09-02,GOLOSINAS,41.0,64.53,57.39024390243903,73.82416741576054,41.0,79.36666666666666,0.5165896682066359
post,2026-09-03,GOLOSINAS,50.0,70.81,41.620000000000005,73.78223875308056,50.0,79.36666666666666,0.6299874002519951
post,2026-09-04,GOLOSINAS,83.0,81.16,2.216867469879522,73.75791996356087,83.0,79.36666666666666,1.0457790844183117
post,2026-09-05,GOLOSINAS,75.0,90.48,20.640000000000004,73.74331985386792,75.0,79.36666666666666,0.9449811003779925
post,2026-09-06,GOLOSINAS,110.0,73.05,33.59090909090909,73.77844302828025,110.0,79.36666666666666,1.385972280554389
post,2026-09-07,GOLOSINAS,67.0,72.36,7.999999999999999,73.81481673178497,67.0,79.36666666666666,0.8441831163376733
post,2026-09-08,GOLOSINAS,39.0,70.03,79.56410256410257,73.79760003425903,39.0,79.36666666666666,0.4913901721965561
post,2026-09-09,GOLOSINAS,70.0,68.41,2.2714285714285762,73.78550082579916,70.0,79.36666666666666,0.881982360352793
post,2026-09-10,GOLOSINAS,56.0,68.77,22.80357142857142,73.77997702723326,56.0,79.36666666666666,0.7055858882822345
post,2026-09-11,GOLOSINAS,61.0,83.19,36.377049180327866,73.77965392354078,61.0,79.36666666666666,0.7685846283074339
post,2026-09-12,GOLOSINAS,56.0,89.36,59.57142857142858,73.78275877496648,56.0,79.36666666666666,0.7055858882822345
post,2026-09-13,GOLOSINAS,88.0,69.06,21.52272727272727,73.78839290655199,88.0,79.36666666666666,1.1087778244435111
post,2026-09-14,GOLOSINAS,98.0,73.69,24.806122448979593,73.78981431773367,98.0,79.36666666666666,1.2347753044939103
post,2026-09-15,GOLOSINAS,67.0,68.29,1.9253731343283675,73.78624254429776,67.0,79.36666666666666,0.8441831163376733
post,2026-08-17,HELADOS,31.0,22.97,25.90322580645162,20.714285714285715,31.0,24.466666666666665,1.2670299727520438
post,2026-08-18,HELADOS,45.0,23.48,47.82222222222222,20.387755102040817,45.0,24.466666666666665,1.8392370572207086
post,2026-08-19,HELADOS,9.0,24.52,172.44444444444446,21.014577259475217,9.0,24.466666666666665,0.36784741144414174
post,2026-08-20,HELADOS,22.0,24.45,11.136363636363633,21.445231153685963,22.0,24.466666666666665,0.899182561307902
post,2026-08-21,HELADOS,31.0,23.13,25.38709677419355,22.365978461355386,31.0,24.466666666666665,1.2670299727520438
post,2026-08-22,HELADOS,44.0,23.52,46.54545454545455,23.418261098691872,44.0,24.466666666666665,1.798365122615804
post,2026-08-23,HELADOS,24.0,21.54,10.250000000000004,23.620869827076426,24.0,24.466666666666665,0.9809264305177112
post,2026-08-24,HELADOS,31.0,20.95,32.41935483870968,21.852422659515913,31.0,24.466666666666665,1.2670299727520438
post,2026-08-25,HELADOS,24.0,23.76,0.9999999999999934,22.015013651691657,24.0,24.466666666666665,0.9809264305177112
post,2026-08-26,HELADOS,21.0,23.22,10.571428571428566,22.247479158784632,21.0,24.466666666666665,0.8583106267029973
post,2026-08-27,HELADOS,27.0,25.0,7.4074074074074066,22.423608001543123,27.0,24.466666666666665,1.103542234332425
post,2026-08-28,HELADOS,31.0,24.79,20.03225806451613,22.563376122665574,31.0,24.466666666666665,1.2670299727520438
post,2026-08-29,HELADOS,42.0,27.07,35.547619047619044,22.591575788567027,42.0,24.466666666666665,1.7166212534059946
post,2026-08-30,HELADOS,28.0,25.86,7.642857142857144,22.473477887120623,28.0,24.466666666666665,1.1444141689373297
post,2026-08-31,HELADOS,26.0,20.78,20.076923076923073,22.309564752841222,26.0,24.466666666666665,1.0626702997275206
post,2026-09-01,HELADOS,26.0,23.15,10.961538461538467,22.37487076617341,26.0,24.466666666666665,1.0626702997275206
post,2026-09-02,HELADOS,25.0,21.4,14.400000000000004,22.426278925385088,25.0,24.466666666666665,1.021798365122616
post,2026-09-03,HELADOS,18.0,22.5,25.0,22.451821749185154,18.0,24.466666666666665,0.7356948228882835
post,2026-09-04,HELADOS,30.0,23.73,20.9,22.455852284562585,30.0,24.466666666666665,1.226158038147139
post,2026-09-05,HELADOS,40.0,25.71,35.724999999999994,22.440491736262157,40.0,24.466666666666665,1.6348773841961854
post,2026-09-06,HELADOS,22.0,25.86,17.545454545454543,22.418908300218604,22.0,24.466666666666665,0.899182561307902
post,2026-09-07,HELADOS,29.0,23.74,18.13793103448276,22.41111264494689,29.0,24.466666666666665,1.1852861035422344
post,2026-09-08,HELADOS,20.0,22.81,14.049999999999994,22.42561948667627,20.0,24.466666666666665,0.8174386920980927
post,2026-09-09,HELADOS,11.0,23.26,111.45454545454547,22.432869303890964,11.0,24.466666666666665,0.449591280653951
post,2026-09-10,HELADOS,13.0,23.43,80.23076923076923,22.43381078653466,13.0,24.466666666666665,0.5313351498637603
post,2026-09-11,HELADOS,28.0,23.21,17.107142857142854,22.431237791870306,28.0,24.466666666666665,1.1444141689373297
post,2026-09-12,HELADOS,27.0,24.44,9.481481481481477,22.427721435771407,27.0,24.466666666666665,1.103542234332425
post,2026-09-13,HELADOS,29.0,23.89,17.620689655172413,22.42589710712987,29.0,24.466666666666665,1.1852861035422344
post,2026-09-14,HELADOS,13.0,22.42,72.46153846153848,22.426895508117195,13.0,24.466666666666665,0.5313351498637603
post,2026-09-15,HELADOS,25.0,24.14,3.4399999999999977,22.42915020285581,25.0,24.466666666666665,1.021798365122616
post,2026-08-17,LIMPIEZA,20.0,18.17,9.149999999999991,20.285714285714285,20.0,16.366666666666667,1.2219959266802443
post,2026-08-18,LIMPIEZA,15.0,19.08,27.199999999999992,20.897959183673468,15.0,16.366666666666667,0.9164969450101833
post,2026-08-19,LIMPIEZA,14.0,19.58,39.85714285714285,21.311953352769677,14.0,16.366666666666667,0.855397148676171
post,2026-08-20,LIMPIEZA,13.0,19.61,50.84615384615384,20.070803831736775,13.0,16.366666666666667,0.7942973523421588
post,2026-08-21,LIMPIEZA,20.0,19.1,4.499999999999993,21.223775807699173,20.0,16.366666666666667,1.2219959266802443
post,2026-08-22,LIMPIEZA,20.0,19.14,4.299999999999997,21.8271723516562,20.0,16.366666666666667,1.2219959266802443
post,2026-08-23,LIMPIEZA,11.0,19.27,75.18181818181819,21.231054116178512,11.0,16.366666666666667,0.6720977596741344
post,2026-08-24,LIMPIEZA,9.0,18.53,105.8888888888889,20.97834756134687,9.0,16.366666666666667,0.5498981670061099
post,2026-08-25,LIMPIEZA,15.0,18.71,24.733333333333338,21.077295172151526,15.0,16.366666666666667,0.9164969450101833
post,2026-08-26,LIMPIEZA,15.0,19.7,31.33333333333333,21.10291459907696,15.0,16.366666666666667,0.9164969450101833
post,2026-08-27,LIMPIEZA,18.0,19.44,8.000000000000007,21.073051919978003,18.0,16.366666666666667,1.0997963340122199
post,2026-08-28,LIMPIEZA,14.0,19.53,39.50000000000001,21.21623021829818,14.0,16.366666666666667,0.855397148676171
post,2026-08-29,LIMPIEZA,27.0,18.95,29.814814814814817,21.215152276955177,27.0,16.366666666666667,1.64969450101833
post,2026-08-30,LIMPIEZA,27.0,19.25,28.703703703703702,21.127720837712175,27.0,16.366666666666667,1.64969450101833
post,2026-08-31,LIMPIEZA,9.0,18.74,108.2222222222222,21.112958940788413,9.0,16.366666666666667,0.5498981670061099
post,2026-09-01,LIMPIEZA,17.0,19.34,13.76470588235294,21.13218913785149,17.0,16.366666666666667,1.0386965376782078
post,2026-09-02,LIMPIEZA,14.0,19.66,40.42857142857143,21.140031132951485,14.0,16.366666666666667,0.855397148676171
post,2026-09-03,LIMPIEZA,20.0,19.52,2.400000000000002,21.14533349493356,20.0,16.366666666666667,1.2219959266802443
post,2026-09-04,LIMPIEZA,19.0,19.23,1.210526315789476,21.155659434212925,19.0,16.366666666666667,1.1608961303462322
post,2026-09-05,LIMPIEZA,18.0,19.08,5.999999999999991,21.14700646505789,18.0,16.366666666666667,1.0997963340122199
post,2026-09-06,LIMPIEZA,10.0,19.25,92.5,21.137271349072563,10.0,16.366666666666667,0.6109979633401221
post,2026-09-07,LIMPIEZA,20.0,18.56,7.200000000000006,21.138635707838333,20.0,16.366666666666667,1.2219959266802443
post,2026-09-08,LIMPIEZA,14.0,19.27,37.64285714285714,21.14230381741689,14.0,16.366666666666667,0.855397148676171
post,2026-09-09,LIMPIEZA,13.0,19.66,51.23076923076923,21.14374877164052,13.0,16.366666666666667,0.7942973523421588
post,2026-09-10,LIMPIEZA,11.0,19.05,73.18181818181819,21.144279862881813,11.0,16.366666666666667,0.6720977596741344
post,2026-09-11,LIMPIEZA,10.0,19.35,93.50000000000001,21.144129344017276,10.0,16.366666666666667,0.6109979633401221
post,2026-09-12,LIMPIEZA,16.0,19.14,19.625000000000004,21.14248218827504,16.0,16.366666666666667,0.9775967413441955
post,2026-09-13,LIMPIEZA,8.0,19.31,141.37499999999997,21.141835863020347,8.0,16.366666666666667,0.48879837067209775
post,2026-09-14,LIMPIEZA,14.0,19.15,36.78571428571428,21.14248793644146,14.0,16.366666666666667,0.855397148676171
post,2026-09-15,LIMPIEZA,16.0,19.25,20.3125,21.143038254813334,16.0,16.366666666666667,0.9775967413441955
